[{"model": "finalproject.userprofile", "pk": 1, "fields": {"user": 9, "address": "179 Shearwood Forest Drive, Tamworth, New Hampshire(NH), 03886"}}, {"model": "finalproject.userprofile", "pk": 2, "fields": {"user": 7, "address": "1442 Rubaiyat Road, Grand Rapids, Michigan(MI), 49503"}}, {"model": "finalproject.userprofile", "pk": 3, "fields": {"user": 8, "address": "1698 Boggess Street, Dallas, Texas(TX), 75247"}}, {"model": "finalproject.userprofile", "pk": 6, "fields": {"user": 12, "address": "test"}}, {"model": "finalproject.category", "pk": 1, "fields": {"name": "Arts, Crafts & Sewing", "description": "Supplies for painting, drawing, sculpting, sewing, knitting, etc."}}, {"model": "finalproject.category", "pk": 2, "fields": {"name": "Software", "description": "Computer software, video games, etc."}}, {"model": "finalproject.category", "pk": 3, "fields": {"name": "Movies & TV", "description": "DVDs, Blu-rays, digital downloads, streaming services"}}, {"model": "finalproject.category", "pk": 4, "fields": {"name": "Jewelry", "description": "Fine jewelry, fashion jewelry, watches, etc."}}, {"model": "finalproject.category", "pk": 5, "fields": {"name": "Home & Kitchen", "description": "Cookware, appliances, bakeware, dinnerware, furniture, décor, etc."}}, {"model": "finalproject.category", "pk": 6, "fields": {"name": "Appliances", "description": "Large and small kitchen appliances, vacuums, air conditioners, etc."}}, {"model": "finalproject.category", "pk": 8, "fields": {"name": "Automotive Parts & Accessories", "description": "Car parts, batteries, tools, car care products, etc."}}, {"model": "finalproject.category", "pk": 9, "fields": {"name": "Baby", "description": "Diapers, wipes, feeding supplies, baby clothes, furniture, etc."}}, {"model": "finalproject.category", "pk": 10, "fields": {"name": "Beauty & Personal Care", "description": "Cosmetics, skin/hair care, fragrances, shaving supplies, etc."}}, {"model": "finalproject.category", "pk": 11, "fields": {"name": "Beverages", "description": "Coffee, tea, soda, juice, alcoholic drinks, etc."}}, {"model": "finalproject.category", "pk": 12, "fields": {"name": "Books", "description": "Physical books across all genres, including fiction, non-fiction, textbooks, etc."}}, {"model": "finalproject.category", "pk": 13, "fields": {"name": "Business & Industrial", "description": "Office supplies, industrial equipment, cleaning supplies, etc."}}, {"model": "finalproject.category", "pk": 14, "fields": {"name": "Cameras & Photo", "description": "Cameras, lenses, tripods, photo accessories, etc."}}, {"model": "finalproject.category", "pk": 15, "fields": {"name": "Cell Phones & Accessories", "description": "Smartphones, cases, chargers, headphones, etc."}}, {"model": "finalproject.category", "pk": 16, "fields": {"name": "Clothing, Shoes & Jewelry", "description": "Clothing, footwear, jewelry, watches, etc."}}, {"model": "finalproject.category", "pk": 17, "fields": {"name": "Collectibles & Fine Art", "description": "Coins, stamps, antiques, artwork, etc."}}, {"model": "finalproject.category", "pk": 18, "fields": {"name": "Computers", "description": "Laptops, desktops, tablets, monitors, computer components, etc."}}, {"model": "finalproject.category", "pk": 19, "fields": {"name": "Digital Music", "description": "MP3 downloads and streaming services"}}, {"model": "finalproject.category", "pk": 20, "fields": {"name": "Electronics", "description": "TVs, audio equipment, video game consoles, etc."}}, {"model": "finalproject.category", "pk": 21, "fields": {"name": "Entertainment Collectibles", "description": "Memorabilia from movies, TV shows, video games, etc."}}, {"model": "finalproject.category", "pk": 22, "fields": {"name": "Food", "description": "Snacks, pantry staples, condiments, international foods, etc."}}, {"model": "finalproject.category", "pk": 23, "fields": {"name": "Furniture", "description": "Sofas, beds, tables, chairs, outdoor furniture, etc."}}, {"model": "finalproject.category", "pk": 24, "fields": {"name": "Garden & Outdoor", "description": "Plants, seeds, gardening tools, patio furniture, grills, etc."}}, {"model": "finalproject.category", "pk": 25, "fields": {"name": "Grocery & Food", "description": "Produce, dairy products, prepared meals, specialty foods, etc."}}, {"model": "finalproject.category", "pk": 26, "fields": {"name": "Health & Household", "description": "Vitamins, supplements, OTC medications, cleaning supplies, etc."}}, {"model": "finalproject.category", "pk": 28, "fields": {"name": "Industrial & Scientific", "description": "Lab equipment, safety gear, tools, machinery, etc."}}, {"model": "finalproject.category", "pk": 29, "fields": {"name": "Lawns & Garden", "description": "Plants, seeds, fertilizers, tools, outdoor furniture, etc."}}, {"model": "finalproject.category", "pk": 30, "fields": {"name": "Luggage & Travel Gear", "description": "Suitcases, backpacks, duffel bags, travel accessories, etc."}}, {"model": "finalproject.category", "pk": 32, "fields": {"name": "Musical Instruments", "description": "Guitars, pianos, drums, sheet music, etc."}}, {"model": "finalproject.category", "pk": 33, "fields": {"name": "Office Products", "description": "Paper, pens, notebooks, printers, ink cartridges, etc."}}, {"model": "finalproject.category", "pk": 34, "fields": {"name": "Patio, Lawn & Garden", "description": "Plants, seeds, gardening tools, outdoor furniture, grills, etc."}}, {"model": "finalproject.category", "pk": 35, "fields": {"name": "Pet Supplies", "description": "Food, treats, toys, beds, leashes, etc."}}, {"model": "finalproject.category", "pk": 36, "fields": {"name": "Sports & Outdoors", "description": "Sporting equipment, apparel, footwear, camping gear, etc."}}, {"model": "finalproject.category", "pk": 37, "fields": {"name": "Tools & Hardware", "description": "Power tools, hand tools, building supplies, etc."}}, {"model": "finalproject.category", "pk": 38, "fields": {"name": "Toys & Games", "description": "Classic toys, educational toys, electronic toys, games, puzzles, etc."}}, {"model": "finalproject.category", "pk": 39, "fields": {"name": "Video Games", "description": "Video game consoles, games, accessories, etc."}}, {"model": "finalproject.item", "pk": 1, "fields": {"title": "bella VersaBrew 2-in1 Coffee Maker, Fits-anywhere Kitchenware, Brew 3 Sizes Carafes & Single Serve Cups, Dishwasher Safe Reusable Filter & Filter Holder, Iced Coffee Function, 60oz Tank, Oatmilk", "description": "Brew Your Way: Enjoy the flexibility of brewing an instant single-serve cup in 8oz, 10oz, or 12oz sizes with grounds or pods, or brew a full 12-cup carafe. The bella VersaBrew 2-in-1 Coffee System offers customized coffee options for any craving\r\n\r\nFits-Anywhere Design: With a slim profile, this automatic coffee machine is part of our Fits-anywhere kitchenware system, saving up to 50% more space and tucking neatly under most cabinets, making it compatible with any kitchen setup and decor\r\n\r\nCustomizable Brewing Height: Our k cup coffee maker features an adjustable drip tray that fits travel mugs up to 7” tall, ensuring mess-free brewing whether you’re making a quick single-serve or filling a larger mug for your busy morning commute\r\n\r\nKeep Warm & Consistent: The warming plate of our electric pot keeps your 12-cup carafe hot for up to 2 hours, while the carafe lid’s mixing tube ensures a consistent blend with every pour. Perfect for those who like to sip throughout the morning\r\n\r\nEasy to Clean: With dishwasher-safe parts like the carafe, filter, and filter holder, cleaning up the express coffee machine is a breeze. The 61oz removable water reservoir makes refills simple, keeping your coffee maker ready for the next brew", "price": "79.99", "image": "items/bella.jpg", "seller": 7, "category": 5, "date_listed": "2024-11-22T20:26:43.187Z", "quantity_available": 6}}, {"model": "finalproject.item", "pk": 2, "fields": {"title": "Twine, Charcuterie Accessories Appetizer, Large Cutting Board Acacia Wood Serving Tray Set of 1", "description": "WOODEN APPETIZER SERVING TRAY - Serve your favorite appetizers on a gorgeous large cutting board. This wood tray serving board also serves as a vegetable cutting board, making it a versatile addition to your charcuterie boards accessories.\r\n\r\nACACIA WOOD CUTTING BOARD WITH HANDLE - This beautiful acacia wood serving tray shows off your selection of cheeses, charcuterie, and fruit. Host happy hour at home with this wood cheese board or use as a bread cutting board.\r\n\r\nHANGING CUTTING BOARD - Showcasing the natural beauty of acacia wood, this wooden serving board has a convenient handle with a hole for hanging when not in use as a farmhouse cutting board. This cutting board measures 17 by 12.5 inches.\r\n\r\nWOOD CUTTING BOARDS FOR KITCHENS MAKE GREAT GIFTS - Charcuterie boards with handles are perfect as housewarming gifts, wedding gifts, or bridal shower gifts for the host who has everything. This acacia wood tray is a timeless and useful decor item.\r\n\r\nRUSTIC FARMHOUSE STYLE - Twine’s collections emphasize rustic elegance, natural materials, and a nostalgic sense of quality. From elegant barware and hosting essentials to quaint cheeseware and home goods, Twine ties everything together.", "price": "32.99", "image": "items/twine.jpg", "seller": 9, "category": 5, "date_listed": "2024-11-22T20:28:16.019Z", "quantity_available": 1}}, {"model": "finalproject.item", "pk": 3, "fields": {"title": "Oscar de la Renta - Infinity Earrings", "description": "Delicate strands of glass crystals cascade from infinity link post backs for an opulent finish to evening looks.", "price": "645.00", "image": "items/oscar.jpg", "seller": 8, "category": 4, "date_listed": "2024-11-22T20:29:50.020Z", "quantity_available": 4}}, {"model": "finalproject.item", "pk": 5, "fields": {"title": "Acer Nitro V Gaming Laptop | Intel Core i5-13420H Processor | NVIDIA GeForce RTX 4050 Laptop GPU | 15.6\" FHD IPS 144Hz Display | 8GB DDR5 | 512GB Gen 4 SSD | WiFi 6 | Backlit KB | ANV15-51-51H9", "description": "Beyond Performance: Empower your gaming and creativity with the Nitro V 15, combining a 13th Gen Intel Core i5-13420H processor with the NVIDIA GeForce RTX 4050 Laptop GPU\r\n\r\nPicture-Perfect. Furiously Fast: See your digital conquests unfold in vibrant Full HD on a 15.6\" screen, perfectly timed at a quick 144Hz refresh rate and a wide 16:9 aspect ratio providing 82.64% screen-to-body ratio.\r\n\r\nStay Connected: Your gaming sanctuary is wherever you are. On the couch? Settle in with fast and stable Wi-Fi 6. Gaming cafe? Get an edge online with Gigabit Ethernet. No matter your location, Nitro V 15 ensures you're always in the driver's seat.\r\n\r\nThunderbolt 4: With the powerful Thunderbolt 4 port, you have the trifecta of power charging and data transfer with bidirectional movement and video display in one interface.\r\n\r\nChilled to Perfection: Keep your cool amidst the fiercest gaming galaxies, thanks to Nitro V 15's innovative dual fans and effective exhaust system.\r\n\r\nAlways Be Heard and Seen: Experience crystal clear communication with AI-powered Acer PurifiedView and PurifiedVoice noise reduction technology. You'll feel like you're in the command center of a spaceship, with pinpoint sound accuracy giving you the edge in your gaming skirmishes.\r\n\r\nNo Limits with NitroSense: Channel your inner gaming strategist with the NitroSense utility app. Fine-tune your gaming setup to match your style, be it adjusting fan speeds for those heated battles or customizing lighting for immersive exploration", "price": "751.88", "image": "items/computer_M8hAO81.jpg", "seller": 8, "category": 18, "date_listed": "2024-12-09T14:19:43.451Z", "quantity_available": 20}}, {"model": "finalproject.item", "pk": 6, "fields": {"title": "HP Smart Tank 5101 Wireless All-in-One Ink Tank Printer with 2 years of ink included,Print, scan, copy, Best-for-home, Refillable ink tank (1F3Y0A)", "description": "FROM AMERICA'S MOST TRUSTED PRINTER BRAND – The Smart Tank 5101 is perfect for families printing a variety of color documents in high volumes. Print up to 12 pages per minute black and 5 pages per minute color.\r\n    FULLY LOADED WITH SAVINGS – Best for low-cost, high-volume printing—2 years of HP Ink included; get up to 6,000 color or black pages right out of the box\r\n    KEY FEATURES – Print, copy and scan, plus borderless prints, mobile and wireless printing\r\n    BEST EVERYDAY PRINT QUALITY – HP tank printers deliver crisp text and frame-worthy photos with vivid, true-to-life colors for consistently impressive prints\r\n    EASIEST-TO-USE TANK PRINTERS – Quick setup, easy print and scan, reliable Wi-Fi and an app that makes it all easy\r\n    HP APP – Print, scan, copy or fax right from your smartphone with the easiest-to-use print app\r\n    WORRY-FREE Wi-Fi – Stay connected with self-healing Wi-Fi that automatically detects and resolves connection issues", "price": "249.99", "image": "items/printer.jpg", "seller": 9, "category": 20, "date_listed": "2024-12-09T14:21:53.204Z", "quantity_available": 20}}, {"model": "finalproject.item", "pk": 7, "fields": {"title": "Fjallraven - Foldsack No. 1 Backpack, Fits 15 Laptops", "description": "Your perfect pack for everyday use and walks in the forest. Stash your laptop (up to 15 inches) in the padded sleeve, your everyday", "price": "109.95", "image": "items/81fPKd-2AYL._AC_SL1500_.jpg", "seller": 7, "category": 16, "date_listed": "2024-12-09T14:32:06.076Z", "quantity_available": 10}}, {"model": "finalproject.item", "pk": 8, "fields": {"title": "Mens Casual Premium Slim Fit T-Shirts", "description": "Slim-fitting style, contrast raglan long sleeve, three-button henley placket, light weight & soft fabric for breathable and comfortable wearing. And Solid stitched shirts with round neck made for durability and a great fit for casual fashion wear and diehard baseball fans. The Henley style round neckline includes a three-button placket.", "price": "22.30", "image": "items/71-3HjGNDUL._AC_SY879._SX._UX._SY._UY_.jpg", "seller": 8, "category": 16, "date_listed": "2024-12-09T14:32:06.529Z", "quantity_available": 10}}, {"model": "finalproject.item", "pk": 9, "fields": {"title": "Mens Cotton Jacket", "description": "great outerwear jackets for Spring/Autumn/Winter, suitable for many occasions, such as working, hiking, camping, mountain/rock climbing, cycling, traveling or other outdoors. Good gift choice for you or your family member. A warm hearted love to Father, husband or son in this thanksgiving or Christmas Day.", "price": "55.99", "image": "items/71li-ujtlUL._AC_UX679_.jpg", "seller": 7, "category": 16, "date_listed": "2024-12-09T14:32:07.018Z", "quantity_available": 10}}, {"model": "finalproject.item", "pk": 10, "fields": {"title": "Mens Casual Slim Fit", "description": "The color could be slightly different between on the screen and in practice. / Please note that body builds vary by person, therefore, detailed size information should be reviewed below on the product description.", "price": "15.99", "image": "items/71YXzeOuslL._AC_UY879_.jpg", "seller": 8, "category": 16, "date_listed": "2024-12-09T14:32:07.546Z", "quantity_available": 10}}, {"model": "finalproject.item", "pk": 11, "fields": {"title": "John Hardy Women's Legends Naga Gold & Silver Dragon Station Chain Bracelet", "description": "From our Legends Collection, the Naga was inspired by the mythical water dragon that protects the ocean's pearl. Wear facing inward to be bestowed with love and abundance, or outward for protection.", "price": "695.00", "image": "items/71pWzhdJNwL._AC_UL640_QL65_ML3_.jpg", "seller": 9, "category": 16, "date_listed": "2024-12-09T14:32:08.042Z", "quantity_available": 10}}, {"model": "finalproject.item", "pk": 12, "fields": {"title": "Solid Gold Petite Micropave", "description": "Satisfaction Guaranteed. Return or exchange any order within 30 days.Designed and sold by Hafeez Center in the United States. Satisfaction Guaranteed. Return or exchange any order within 30 days.", "price": "168.00", "image": "items/61sbMiUnoGL._AC_UL640_QL65_ML3_.jpg", "seller": 8, "category": 16, "date_listed": "2024-12-09T14:32:08.554Z", "quantity_available": 10}}, {"model": "finalproject.item", "pk": 13, "fields": {"title": "White Gold Plated Princess", "description": "Classic Created Wedding Engagement Solitaire Diamond Promise Ring for Her. Gifts to spoil your love more for Engagement, Wedding, Anniversary, Valentine's Day...", "price": "9.99", "image": "items/71YAIFU48IL._AC_UL640_QL65_ML3_.jpg", "seller": 9, "category": 16, "date_listed": "2024-12-09T14:32:09.066Z", "quantity_available": 10}}, {"model": "finalproject.item", "pk": 14, "fields": {"title": "Pierced Owl Rose Gold Plated Stainless Steel Double", "description": "Rose Gold Plated Double Flared Tunnel Plug Earrings. Made of 316L Stainless Steel", "price": "10.99", "image": "items/51UDEzMJVpL._AC_UL640_QL65_ML3_.jpg", "seller": 7, "category": 16, "date_listed": "2024-12-09T14:32:09.578Z", "quantity_available": 10}}, {"model": "finalproject.item", "pk": 15, "fields": {"title": "WD 2TB Elements Portable External Hard Drive - USB 3.0", "description": "USB 3.0 and USB 2.0 Compatibility Fast data transfers Improve PC Performance High Capacity; Compatibility Formatted NTFS for Windows 10, Windows 8.1, Windows 7; Reformatting may be required for other operating systems; Compatibility may vary depending on user’s hardware configuration and operating system", "price": "64.00", "image": "items/61IBBVJvSDL._AC_SY879_.jpg", "seller": 7, "category": 20, "date_listed": "2024-12-09T14:32:10.031Z", "quantity_available": 10}}, {"model": "finalproject.item", "pk": 16, "fields": {"title": "SanDisk SSD PLUS 1TB Internal SSD - SATA III 6 Gb/s", "description": "Easy upgrade for faster boot up, shutdown, application load and response (As compared to 5400 RPM SATA 2.5” hard drive; Based on published specifications and internal benchmarking tests using PCMark vantage scores) Boosts burst write performance, making it ideal for typical PC workloads The perfect balance of performance and reliability Read/write speeds of up to 535MB/s/450MB/s (Based on internal testing; Performance may vary depending upon drive capacity, host device, OS and application.)", "price": "109.00", "image": "items/61U7T1koQqL._AC_SX679_.jpg", "seller": 8, "category": 20, "date_listed": "2024-12-09T14:32:10.499Z", "quantity_available": 10}}, {"model": "finalproject.item", "pk": 17, "fields": {"title": "Silicon Power 256GB SSD 3D NAND A55 SLC Cache Performance Boost SATA III 2.5", "description": "3D NAND flash are applied to deliver high transfer speeds Remarkable transfer speeds that enable faster bootup and improved overall system performance. The advanced SLC Cache Technology allows performance boost and longer lifespan 7mm slim design suitable for Ultrabooks and Ultra-slim notebooks. Supports TRIM command, Garbage Collection technology, RAID, and ECC (Error Checking & Correction) to provide the optimized performance and enhanced reliability.", "price": "109.00", "image": "items/71kWymZcL._AC_SX679_.jpg", "seller": 9, "category": 20, "date_listed": "2024-12-09T14:32:11.018Z", "quantity_available": 10}}, {"model": "finalproject.item", "pk": 18, "fields": {"title": "WD 4TB Gaming Drive Works with Playstation 4 Portable External Hard Drive", "description": "Expand your PS4 gaming experience, Play anywhere Fast and easy, setup Sleek design with high capacity, 3-year manufacturer's limited warranty", "price": "114.00", "image": "items/61mtL65D4cL._AC_SX679_.jpg", "seller": 8, "category": 20, "date_listed": "2024-12-09T14:32:11.641Z", "quantity_available": 10}}, {"model": "finalproject.item", "pk": 19, "fields": {"title": "Acer SB220Q bi 21.5 inches Full HD (1920 x 1080) IPS Ultra-Thin", "description": "21. 5 inches Full HD (1920 x 1080) widescreen IPS display And Radeon free Sync technology. No compatibility for VESA Mount Refresh Rate: 75Hz - Using HDMI port Zero-frame design | ultra-thin | 4ms response time | IPS panel Aspect ratio - 16: 9. Color Supported - 16. 7 million colors. Brightness - 250 nit Tilt angle -5 degree to 15 degree. Horizontal viewing angle-178 degree. Vertical viewing angle-178 degree 75 hertz", "price": "599.00", "image": "items/81QpkIctqPL._AC_SX679_.jpg", "seller": 7, "category": 20, "date_listed": "2024-12-09T14:32:12.160Z", "quantity_available": 10}}, {"model": "finalproject.item", "pk": 20, "fields": {"title": "Samsung 49-Inch CHG90 144Hz Curved Gaming Monitor (LC49HG90DMNXZA) – Super Ultrawide Screen QLED", "description": "49 INCH SUPER ULTRAWIDE 32:9 CURVED GAMING MONITOR with dual 27 inch screen side by side QUANTUM DOT (QLED) TECHNOLOGY, HDR support and factory calibration provides stunningly realistic and accurate color and contrast 144HZ HIGH REFRESH RATE and 1ms ultra fast response time work to eliminate motion blur, ghosting, and reduce input lag", "price": "999.99", "image": "items/81Zt42ioCgL._AC_SX679_.jpg", "seller": 8, "category": 20, "date_listed": "2024-12-09T14:32:12.650Z", "quantity_available": 10}}, {"model": "finalproject.item", "pk": 21, "fields": {"title": "BIYLACLESEN Women's 3-in-1 Snowboard Jacket Winter Coats", "description": "Note:The Jackets is US standard size, Please choose size as your usual wear Material: 100% Polyester; Detachable Liner Fabric: Warm Fleece. Detachable Functional Liner: Skin Friendly, Lightweigt and Warm.Stand Collar Liner jacket, keep you warm in cold weather. Zippered Pockets: 2 Zippered Hand Pockets, 2 Zippered Pockets on Chest (enough to keep cards or keys)and 1 Hidden Pocket Inside.Zippered Hand Pockets and Hidden Pocket keep your things secure. Humanized Design: Adjustable and Detachable Hood and Adjustable cuff to prevent the wind and water,for a comfortable fit. 3 in 1 Detachable Design provide more convenience, you can separate the coat and inner as needed, or wear it together. It is suitable for different season and help you adapt to different climates", "price": "56.99", "image": "items/51Y5NI-I5jL._AC_UX679_.jpg", "seller": 9, "category": 16, "date_listed": "2024-12-09T14:32:13.265Z", "quantity_available": 10}}, {"model": "finalproject.item", "pk": 22, "fields": {"title": "Lock and Love Women's Removable Hooded Faux Leather Moto Biker Jacket", "description": "100% POLYURETHANE(shell) 100% POLYESTER(lining) 75% POLYESTER 25% COTTON (SWEATER), Faux leather material for style and comfort / 2 pockets of front, 2-For-One Hooded denim style faux leather jacket, Button detail on waist / Detail stitching at sides, HAND WASH ONLY / DO NOT BLEACH / LINE DRY / DO NOT IRON", "price": "29.95", "image": "items/81XH0e8fefL._AC_UY879_.jpg", "seller": 8, "category": 16, "date_listed": "2024-12-09T14:32:13.777Z", "quantity_available": 10}}, {"model": "finalproject.item", "pk": 23, "fields": {"title": "Rain Jacket Women Windbreaker Striped Climbing Raincoats", "description": "Lightweight perfet for trip or casual wear---Long sleeve with hooded, adjustable drawstring waist design. Button and zipper front closure raincoat, fully stripes Lined and The Raincoat has 2 side pockets are a good size to hold all kinds of things, it covers the hips, and the hood is generous but doesn't overdo it.Attached Cotton Lined Hood with Adjustable Drawstrings give it a real styled look.", "price": "39.99", "image": "items/71HblAHs5xL._AC_UY879_-2.jpg", "seller": 7, "category": 16, "date_listed": "2024-12-09T14:32:14.289Z", "quantity_available": 10}}, {"model": "finalproject.item", "pk": 24, "fields": {"title": "MBJ Women's Solid Short Sleeve Boat Neck V", "description": "95% RAYON 5% SPANDEX, Made in USA or Imported, Do Not Bleach, Lightweight fabric with great stretch for comfort, Ribbed on sleeves and neckline / Double stitching on bottom hem", "price": "9.85", "image": "items/71z3kpMAYsL._AC_UY879_.jpg", "seller": 9, "category": 16, "date_listed": "2024-12-09T14:32:14.903Z", "quantity_available": 10}}, {"model": "finalproject.item", "pk": 25, "fields": {"title": "Opna Women's Short Sleeve Moisture", "description": "100% Polyester, Machine wash, 100% cationic polyester interlock, Machine Wash & Pre Shrunk for a Great Fit, Lightweight, roomy and highly breathable with moisture wicking fabric which helps to keep moisture away, Soft Lightweight Fabric with comfortable V-neck collar and a slimmer fit, delivers a sleek, more feminine silhouette and Added Comfort", "price": "7.95", "image": "items/51eg55uWmdL._AC_UX679_.jpg", "seller": 9, "category": 16, "date_listed": "2024-12-09T14:32:15.517Z", "quantity_available": 9}}, {"model": "finalproject.item", "pk": 26, "fields": {"title": "DANVOUY Womens T Shirt Casual Cotton Short", "description": "95%Cotton,5%Spandex, Features: Casual, Short Sleeve, Letter Print,V-Neck,Fashion Tees, The fabric is soft and has some stretch., Occasion: Casual/Office/Beach/School/Home/Street. Season: Spring,Summer,Autumn,Winter.", "price": "12.99", "image": "items/61pHAEJ4NML._AC_UX679_.jpg", "seller": 8, "category": 16, "date_listed": "2024-12-09T14:32:16.132Z", "quantity_available": 0}}, {"model": "finalproject.item", "pk": 27, "fields": {"title": "WD_BLACK 4TB SN850X NVMe Internal Gaming Solid State Drive with Heatsink - Works with PlayStation 5, Gen4 PCIe, M.2 2280, Up to 7,300 MB/s - WDS400T2XHE", "description": "TRANSFORM YOUR PC. Get top-tier performance and ridiculously short load times for your gaming PC or workstation with insane speeds up to 7,300 MB/s (2)\r\n\r\nMORE ROOM, MORE GAMES. Capacities up to 8TB (1) built with Western Digital TLC 3D NAND, means you get to download more games — and stop deleting your favorites.\r\n\r\nHEATSINK FOR THE WIN. All capacities have an optional heatsink version to help maintain peak performance through your most intense gaming sessions.\r\n\r\nDO MORE WITH DASHBOARD. The downloadable WD_BLACK Dashboard (Windows only) monitors your drive’s health, lets you customize your RGB lighting (heatsink versions only), and can automatically detect games to turn on Game Mode 2.0.\r\n\r\nFUTURE-FORWARD FEATURES. The WD_BLACK SN850X boasts a powerful suite of features, including Predictive Loading, Overhead Balancing, and Adaptive Thermal Management (ATM).", "price": "379.99", "image": "items/61ZtVwUbNLL._AC_SL1500_.jpg", "seller": 12, "category": 20, "date_listed": "2024-12-10T14:42:11.654Z", "quantity_available": 99}}, {"model": "finalproject.discount", "pk": 1, "fields": {"code": "SAVE10", "discount_type": "percentage", "amount": "10.00", "active": true, "expiration_date": null, "usage_limit": null, "used_count": 0}}, {"model": "finalproject.discount", "pk": 2, "fields": {"code": "FLAT50", "discount_type": "fixed", "amount": "50.00", "active": true, "expiration_date": null, "usage_limit": null, "used_count": 18}}, {"model": "finalproject.discount", "pk": 3, "fields": {"code": "12345", "discount_type": "fixed", "amount": "10.00", "active": true, "expiration_date": null, "usage_limit": null, "used_count": 0}}, {"model": "finalproject.order", "pk": 1, "fields": {"buyer": 8, "order_date": "2024-11-22T20:31:10.900Z", "total_amount": "65.98", "discount": null, "discount_amount": "0.00", "status": "shipped"}}, {"model": "finalproject.order", "pk": 2, "fields": {"buyer": 7, "order_date": "2024-11-22T20:31:36.575Z", "total_amount": "48.97", "discount": 2, "discount_amount": "50.00", "status": "shipped"}}, {"model": "finalproject.order", "pk": 3, "fields": {"buyer": 9, "order_date": "2024-11-22T20:33:11.517Z", "total_amount": "709.98", "discount": 2, "discount_amount": "50.00", "status": "cart"}}, {"model": "finalproject.order", "pk": 4, "fields": {"buyer": 8, "order_date": "2024-12-07T21:46:00.574Z", "total_amount": "159.98", "discount": null, "discount_amount": "0.00", "status": "shipped"}}, {"model": "finalproject.order", "pk": 5, "fields": {"buyer": 1, "order_date": "2024-12-07T21:52:51.316Z", "total_amount": "79.99", "discount": null, "discount_amount": "0.00", "status": "shipped"}}, {"model": "finalproject.order", "pk": 6, "fields": {"buyer": 8, "order_date": "2024-12-07T22:01:07.235Z", "total_amount": "62.98", "discount": 2, "discount_amount": "50.00", "status": "shipped"}}, {"model": "finalproject.order", "pk": 7, "fields": {"buyer": 10, "order_date": "2024-12-07T22:06:25.528Z", "total_amount": "645.00", "discount": null, "discount_amount": "0.00", "status": "shipped"}}, {"model": "finalproject.order", "pk": 8, "fields": {"buyer": 10, "order_date": "2024-12-07T22:09:00.190Z", "total_amount": "645.00", "discount": null, "discount_amount": "0.00", "status": "shipped"}}, {"model": "finalproject.order", "pk": 9, "fields": {"buyer": 10, "order_date": "2024-12-07T22:09:32.497Z", "total_amount": "329.99", "discount": 2, "discount_amount": "50.00", "status": "shipped"}}, {"model": "finalproject.order", "pk": 10, "fields": {"buyer": 11, "order_date": "2024-12-08T18:42:36.689Z", "total_amount": "79.99", "discount": null, "discount_amount": "0.00", "status": "shipped"}}, {"model": "finalproject.order", "pk": 11, "fields": {"buyer": 11, "order_date": "2024-12-08T18:50:24.890Z", "total_amount": "79.99", "discount": null, "discount_amount": "0.00", "status": "shipped"}}, {"model": "finalproject.order", "pk": 12, "fields": {"buyer": 11, "order_date": "2024-12-08T19:05:19.616Z", "total_amount": "32.99", "discount": null, "discount_amount": "0.00", "status": "shipped"}}, {"model": "finalproject.order", "pk": 13, "fields": {"buyer": 11, "order_date": "2024-12-08T19:12:38.104Z", "total_amount": "32.99", "discount": null, "discount_amount": "0.00", "status": "cart"}}, {"model": "finalproject.order", "pk": 14, "fields": {"buyer": 1, "order_date": "2024-12-08T20:05:45.301Z", "total_amount": "111.96", "discount": null, "discount_amount": "0.00", "status": "shipped"}}, {"model": "finalproject.order", "pk": 15, "fields": {"buyer": 7, "order_date": "2024-12-08T20:46:50.572Z", "total_amount": "645.00", "discount": null, "discount_amount": "0.00", "status": "cart"}}, {"model": "finalproject.order", "pk": 16, "fields": {"buyer": 8, "order_date": "2024-12-08T20:54:42.264Z", "total_amount": "272.96", "discount": null, "discount_amount": "0.00", "status": "shipped"}}, {"model": "finalproject.order", "pk": 17, "fields": {"buyer": 8, "order_date": "2024-12-08T20:55:02.130Z", "total_amount": "0.00", "discount": null, "discount_amount": "0.00", "status": "cart"}}, {"model": "finalproject.order", "pk": 18, "fields": {"buyer": 12, "order_date": "2024-12-10T14:27:29.200Z", "total_amount": "27.94", "discount": 2, "discount_amount": "50.00", "status": "shipped"}}, {"model": "finalproject.order", "pk": 19, "fields": {"buyer": 12, "order_date": "2024-12-10T14:30:18.984Z", "total_amount": "0.00", "discount": 2, "discount_amount": "50.00", "status": "shipped"}}, {"model": "finalproject.order", "pk": 20, "fields": {"buyer": 12, "order_date": "2024-12-10T14:47:05.336Z", "total_amount": "652.95", "discount": null, "discount_amount": "0.00", "status": "shipped"}}, {"model": "finalproject.order", "pk": 21, "fields": {"buyer": 12, "order_date": "2024-12-10T14:50:52.189Z", "total_amount": "0.00", "discount": null, "discount_amount": "0.00", "status": "cart"}}, {"model": "finalproject.order", "pk": 22, "fields": {"buyer": 10, "order_date": "2024-12-11T01:30:21.900Z", "total_amount": "0.00", "discount": null, "discount_amount": "0.00", "status": "cart"}}, {"model": "finalproject.orderitem", "pk": 1, "fields": {"order": 1, "item": 1, "quantity": 2}}, {"model": "finalproject.orderitem", "pk": 5, "fields": {"order": 4, "item": 1, "quantity": 2}}, {"model": "finalproject.orderitem", "pk": 6, "fields": {"order": 5, "item": 1, "quantity": 1}}, {"model": "finalproject.orderitem", "pk": 8, "fields": {"order": 7, "item": 3, "quantity": 2}}, {"model": "finalproject.orderitem", "pk": 9, "fields": {"order": 8, "item": 3, "quantity": 1}}, {"model": "finalproject.orderitem", "pk": 13, "fields": {"order": 10, "item": 1, "quantity": 1}}, {"model": "finalproject.orderitem", "pk": 14, "fields": {"order": 11, "item": 1, "quantity": 1}}, {"model": "finalproject.orderitem", "pk": 15, "fields": {"order": 12, "item": 2, "quantity": 1}}, {"model": "finalproject.orderitem", "pk": 20, "fields": {"order": 13, "item": 2, "quantity": 1}}, {"model": "finalproject.orderitem", "pk": 28, "fields": {"order": 14, "item": 2, "quantity": 3}}, {"model": "finalproject.orderitem", "pk": 29, "fields": {"order": 2, "item": 2, "quantity": 3}}, {"model": "finalproject.orderitem", "pk": 31, "fields": {"order": 6, "item": 2, "quantity": 1}}, {"model": "finalproject.orderitem", "pk": 32, "fields": {"order": 6, "item": 1, "quantity": 1}}, {"model": "finalproject.orderitem", "pk": 33, "fields": {"order": 16, "item": 2, "quantity": 1}}, {"model": "finalproject.orderitem", "pk": 34, "fields": {"order": 16, "item": 1, "quantity": 3}}, {"model": "finalproject.orderitem", "pk": 36, "fields": {"order": 15, "item": 3, "quantity": 1}}, {"model": "finalproject.orderitem", "pk": 37, "fields": {"order": 14, "item": 26, "quantity": 1}}, {"model": "finalproject.orderitem", "pk": 40, "fields": {"order": 18, "item": 26, "quantity": 6}}, {"model": "finalproject.orderitem", "pk": 42, "fields": {"order": 19, "item": 26, "quantity": 3}}, {"model": "finalproject.orderitem", "pk": 43, "fields": {"order": 20, "item": 25, "quantity": 1}}, {"model": "finalproject.orderitem", "pk": 44, "fields": {"order": 20, "item": 3, "quantity": 1}}, {"model": "finalproject.orderitem", "pk": 45, "fields": {"order": 9, "item": 27, "quantity": 1}}, {"model": "finalproject.orderitem", "pk": 46, "fields": {"order": 3, "item": 27, "quantity": 2}}]